{
    "metadata": {
        "create_date": "2023-11-13 07:20:17",
        "format_version": "1.1",
        "locus": "name"
    },
    "files": {
        "phylo_model": "phylo_modelj0xwv9we.json",
        "aln_fasta": "total.protein.fasta.msa.trimal.with.genomeID.for.concatenation.filtered.shortseq95",
        "tree": "total.protein.fasta.msa.trimal.with.genomeID.for.concatenation.filtered.shortseq95.treefile",
        "tree_stats": "reestimated.fasttree.log"
    },
    "md5": {
        "phylo_model": "7b8340a52ef769adbdb1bc129b8cb664",
        "aln_fasta": "41693d21cc736c5453fd561b5ed65d6c",
        "tree": "ed0dd0025b2182d8fe849af5a7c4ee49",
        "tree_stats": "da1f826b76db23f6e2c0cd645d4a6580"
    },
    "log": [
        "Stripped refpkg (removed 0 files)",
        "Loaded initial files into empty refpkg"
    ],
    "rollback": null,
    "rollforward": null
}
