{
    "metadata": {
        "create_date": "2023-11-13 07:20:20",
        "format_version": "1.1",
        "locus": "name"
    },
    "files": {
        "phylo_model": "phylo_modeljdpn76dq.json",
        "aln_fasta": "total.protein.fasta.msa.trimal.with.genomeID.for.concatenation.filtered.shortseq95",
        "tree": "total.protein.fasta.msa.trimal.with.genomeID.for.concatenation.filtered.shortseq95.treefile",
        "tree_stats": "reestimated.fasttree.log"
    },
    "md5": {
        "phylo_model": "74b558847239c86a4f20c5aed42d5f86",
        "aln_fasta": "592c1a46dd234e1079612d848da5c115",
        "tree": "2282acd479e83c18bd5f2c31a9c1e5d6",
        "tree_stats": "b397e96afe86915d7655955eb55f5046"
    },
    "log": [
        "Stripped refpkg (removed 0 files)",
        "Loaded initial files into empty refpkg"
    ],
    "rollback": null,
    "rollforward": null
}
