{
    "metadata": {
        "create_date": "2023-11-13 07:20:30",
        "format_version": "1.1",
        "locus": "name"
    },
    "files": {
        "phylo_model": "phylo_model25rapdgb.json",
        "aln_fasta": "total.protein.fasta.msa.trimal.with.genomeID.for.concatenation.filtered.shortseq95",
        "tree": "total.protein.fasta.msa.trimal.with.genomeID.for.concatenation.filtered.shortseq95.treefile",
        "tree_stats": "reestimated.fasttree.log"
    },
    "md5": {
        "phylo_model": "59877e7ccba3a65b5c1d8875128e1c4c",
        "aln_fasta": "5f9e789ea1fc4d19bda5db4992a62dbb",
        "tree": "c97b8dcbf31f5c1f5ec48ad475d9635b",
        "tree_stats": "6cc7b4cb4f62c4282cb7bf4f24f4e2b6"
    },
    "log": [
        "Stripped refpkg (removed 0 files)",
        "Loaded initial files into empty refpkg"
    ],
    "rollback": null,
    "rollforward": null
}
