{
    "metadata": {
        "create_date": "2023-11-13 07:20:27",
        "format_version": "1.1",
        "locus": "name"
    },
    "files": {
        "phylo_model": "phylo_model1zdro9ce.json",
        "aln_fasta": "total.protein.fasta.msa.trimal.with.genomeID.for.concatenation.filtered.shortseq95",
        "tree": "total.protein.fasta.msa.trimal.with.genomeID.for.concatenation.filtered.shortseq95.treefile",
        "tree_stats": "reestimated.fasttree.log"
    },
    "md5": {
        "phylo_model": "1f21c9185f946a0743c916df1bdff820",
        "aln_fasta": "5a4bb5544cf6b1d34e735763afcbf10c",
        "tree": "b2d2398677096763d49e90016e5ce64b",
        "tree_stats": "a1110efd29a8c204899eb5798480cfe4"
    },
    "log": [
        "Stripped refpkg (removed 0 files)",
        "Loaded initial files into empty refpkg"
    ],
    "rollback": null,
    "rollforward": null
}
