{
    "metadata": {
        "create_date": "2023-11-13 07:20:39",
        "format_version": "1.1",
        "locus": "name"
    },
    "files": {
        "phylo_model": "phylo_model4gszm4f0.json",
        "aln_fasta": "total.protein.fasta.msa.trimal.with.genomeID.for.concatenation.filtered.shortseq95",
        "tree": "total.protein.fasta.msa.trimal.with.genomeID.for.concatenation.filtered.shortseq95.treefile",
        "tree_stats": "reestimated.fasttree.log"
    },
    "md5": {
        "phylo_model": "400ec54aaf8ddc437488fe277f9fe4b5",
        "aln_fasta": "80f58123d1c310f1bd0f4416f9d052fe",
        "tree": "67075d9b05fd728884529cd3b02d78e2",
        "tree_stats": "f8b5674d9cc165d5c889970b2cb6e1ad"
    },
    "log": [
        "Stripped refpkg (removed 0 files)",
        "Loaded initial files into empty refpkg"
    ],
    "rollback": null,
    "rollforward": null
}
