{
    "metadata": {
        "create_date": "2023-11-13 07:20:29",
        "format_version": "1.1",
        "locus": "name"
    },
    "files": {
        "phylo_model": "phylo_modelynou01q_.json",
        "aln_fasta": "total.protein.fasta.msa.trimal.with.genomeID.for.concatenation.filtered.shortseq95",
        "tree": "total.protein.fasta.msa.trimal.with.genomeID.for.concatenation.filtered.shortseq95.treefile",
        "tree_stats": "reestimated.fasttree.log"
    },
    "md5": {
        "phylo_model": "84f13232e7849d30a9c12e928dfce5b7",
        "aln_fasta": "cb6ee1bb3b4a88bdc0a0587bf40e3a8b",
        "tree": "44f5e553d309973f4c4fc3640e33055b",
        "tree_stats": "d90519a3dbf9b6e4ce662f2a500d1afd"
    },
    "log": [
        "Stripped refpkg (removed 0 files)",
        "Loaded initial files into empty refpkg"
    ],
    "rollback": null,
    "rollforward": null
}
