{
    "metadata": {
        "create_date": "2023-11-13 07:20:27",
        "format_version": "1.1",
        "locus": "name"
    },
    "files": {
        "phylo_model": "phylo_models600asde.json",
        "aln_fasta": "total.protein.fasta.msa.trimal.with.genomeID.for.concatenation.filtered.shortseq95",
        "tree": "total.protein.fasta.msa.trimal.with.genomeID.for.concatenation.filtered.shortseq95.treefile",
        "tree_stats": "reestimated.fasttree.log"
    },
    "md5": {
        "phylo_model": "4cc3654fcb119ca27e255186d7dd4cd9",
        "aln_fasta": "c964b0a0fb5d7eacfa25042e13ad6efb",
        "tree": "0a4d6d8c0005ea2631a87b8a6eddfc19",
        "tree_stats": "71d0f8e1fab25de774559df50b1f4be2"
    },
    "log": [
        "Stripped refpkg (removed 0 files)",
        "Loaded initial files into empty refpkg"
    ],
    "rollback": null,
    "rollforward": null
}
