{
    "metadata": {
        "create_date": "2023-11-13 07:20:22",
        "format_version": "1.1",
        "locus": "name"
    },
    "files": {
        "phylo_model": "phylo_model5hhduol1.json",
        "aln_fasta": "total.protein.fasta.msa.trimal.with.genomeID.for.concatenation.filtered.shortseq95",
        "tree": "total.protein.fasta.msa.trimal.with.genomeID.for.concatenation.filtered.shortseq95.treefile",
        "tree_stats": "reestimated.fasttree.log"
    },
    "md5": {
        "phylo_model": "bdbcbcefcb14b2ceddf9474cbb97ab70",
        "aln_fasta": "156b7076f7114fa678159313d994c719",
        "tree": "775b914294289880b6c5607517dae34a",
        "tree_stats": "62f4de7ae1022beb5b7d1fb526f69875"
    },
    "log": [
        "Stripped refpkg (removed 0 files)",
        "Loaded initial files into empty refpkg"
    ],
    "rollback": null,
    "rollforward": null
}
