{
    "metadata": {
        "create_date": "2023-11-13 07:20:11",
        "format_version": "1.1",
        "locus": "name"
    },
    "files": {
        "phylo_model": "phylo_modelx8l6jmsh.json",
        "aln_fasta": "total.protein.fasta.msa.trimal.with.genomeID.for.concatenation.filtered.shortseq95",
        "tree": "total.protein.fasta.msa.trimal.with.genomeID.for.concatenation.filtered.shortseq95.treefile",
        "tree_stats": "reestimated.fasttree.log"
    },
    "md5": {
        "phylo_model": "52c418b34c12558e22fc766ff030a9f2",
        "aln_fasta": "bf243e7c771b729060060bbf8bb4d31a",
        "tree": "58804f1c2a7678db8b23fdf34345939a",
        "tree_stats": "669d3736aad70bf7b6022d1a125a330b"
    },
    "log": [
        "Stripped refpkg (removed 0 files)",
        "Loaded initial files into empty refpkg"
    ],
    "rollback": null,
    "rollforward": null
}
