{
    "metadata": {
        "create_date": "2023-11-13 07:20:28",
        "format_version": "1.1",
        "locus": "name"
    },
    "files": {
        "phylo_model": "phylo_model1mpxdbmx.json",
        "aln_fasta": "total.protein.fasta.msa.trimal.with.genomeID.for.concatenation.filtered.shortseq95",
        "tree": "total.protein.fasta.msa.trimal.with.genomeID.for.concatenation.filtered.shortseq95.treefile",
        "tree_stats": "reestimated.fasttree.log"
    },
    "md5": {
        "phylo_model": "edd579276c8b30f1988df601b5b59522",
        "aln_fasta": "b3f839529e0612a4a79afb0c057d7790",
        "tree": "3585bd2d3d8484da0b8bb8058fc1889b",
        "tree_stats": "8a1a01f0c954f342d1202fcab8854fc8"
    },
    "log": [
        "Stripped refpkg (removed 0 files)",
        "Loaded initial files into empty refpkg"
    ],
    "rollback": null,
    "rollforward": null
}
