{
    "metadata": {
        "create_date": "2023-11-13 07:20:40",
        "format_version": "1.1",
        "locus": "name"
    },
    "files": {
        "phylo_model": "phylo_modela_r0yt7y.json",
        "aln_fasta": "total.protein.fasta.msa.trimal.with.genomeID.for.concatenation.filtered.shortseq95",
        "tree": "total.protein.fasta.msa.trimal.with.genomeID.for.concatenation.filtered.shortseq95.treefile",
        "tree_stats": "reestimated.fasttree.log"
    },
    "md5": {
        "phylo_model": "a40447a3023dd9325a2dc7ecc8596ece",
        "aln_fasta": "44a05df202abaa6aa22fa5de5d7e2102",
        "tree": "1cfbe888bb3fb0eb254123b9bf36651a",
        "tree_stats": "ba83c6eb19315a53f59c4121f217ab91"
    },
    "log": [
        "Stripped refpkg (removed 0 files)",
        "Loaded initial files into empty refpkg"
    ],
    "rollback": null,
    "rollforward": null
}
