{
    "metadata": {
        "create_date": "2023-11-13 07:20:18",
        "format_version": "1.1",
        "locus": "name"
    },
    "files": {
        "phylo_model": "phylo_modelzoyun57p.json",
        "aln_fasta": "total.protein.fasta.msa.trimal.with.genomeID.for.concatenation.filtered.shortseq95",
        "tree": "total.protein.fasta.msa.trimal.with.genomeID.for.concatenation.filtered.shortseq95.treefile",
        "tree_stats": "reestimated.fasttree.log"
    },
    "md5": {
        "phylo_model": "2d06a2481d2de34bc229a1f04be1e9c8",
        "aln_fasta": "f2de869bfec202972c43d3480b121aa9",
        "tree": "bdfbe0b1d24136f7ab9099919c666d72",
        "tree_stats": "bec4abc0d4873c02b8df15248f223c60"
    },
    "log": [
        "Stripped refpkg (removed 0 files)",
        "Loaded initial files into empty refpkg"
    ],
    "rollback": null,
    "rollforward": null
}
