{
    "metadata": {
        "create_date": "2023-11-13 07:20:19",
        "format_version": "1.1",
        "locus": "name"
    },
    "files": {
        "phylo_model": "phylo_modelrb1w70zi.json",
        "aln_fasta": "total.protein.fasta.msa.trimal.with.genomeID.for.concatenation.filtered.shortseq95",
        "tree": "total.protein.fasta.msa.trimal.with.genomeID.for.concatenation.filtered.shortseq95.treefile",
        "tree_stats": "reestimated.fasttree.log"
    },
    "md5": {
        "phylo_model": "7c144b5bfa9678a95482007c61ffe660",
        "aln_fasta": "60f03d12d0dac4aa549c6c092a737364",
        "tree": "cefa65cf80b82b0c55a54282b776a067",
        "tree_stats": "9dd72279858929ab6195f5141582c511"
    },
    "log": [
        "Stripped refpkg (removed 0 files)",
        "Loaded initial files into empty refpkg"
    ],
    "rollback": null,
    "rollforward": null
}
