{
    "metadata": {
        "create_date": "2023-11-13 07:20:37",
        "format_version": "1.1",
        "locus": "name"
    },
    "files": {
        "phylo_model": "phylo_modelpalfh6sk.json",
        "aln_fasta": "total.protein.fasta.msa.trimal.with.genomeID.for.concatenation.filtered.shortseq95",
        "tree": "total.protein.fasta.msa.trimal.with.genomeID.for.concatenation.filtered.shortseq95.treefile",
        "tree_stats": "reestimated.fasttree.log"
    },
    "md5": {
        "phylo_model": "9dcc4f79f46f9b745108120b0f84e8d8",
        "aln_fasta": "c8f0c2ecb1abc597303f318855057c1a",
        "tree": "c38a5de87e632622c74f5cf510e93ac5",
        "tree_stats": "a97cbc5f6c33710bef336668918bcfb6"
    },
    "log": [
        "Stripped refpkg (removed 0 files)",
        "Loaded initial files into empty refpkg"
    ],
    "rollback": null,
    "rollforward": null
}
