{
    "metadata": {
        "create_date": "2023-11-13 07:20:17",
        "format_version": "1.1",
        "locus": "name"
    },
    "files": {
        "phylo_model": "phylo_model5y8moqox.json",
        "aln_fasta": "total.protein.fasta.msa.trimal.with.genomeID.for.concatenation.filtered.shortseq95",
        "tree": "total.protein.fasta.msa.trimal.with.genomeID.for.concatenation.filtered.shortseq95.treefile",
        "tree_stats": "reestimated.fasttree.log"
    },
    "md5": {
        "phylo_model": "d506908579e4f0d9f82870b32524a836",
        "aln_fasta": "dca04ec806e588023cd6afe4d4a37815",
        "tree": "3fc2fec48862075e6f7d0920233921bf",
        "tree_stats": "c86b91cea08ba0f05f90fb83d87edf37"
    },
    "log": [
        "Stripped refpkg (removed 0 files)",
        "Loaded initial files into empty refpkg"
    ],
    "rollback": null,
    "rollforward": null
}
