{
    "metadata": {
        "create_date": "2023-11-13 07:20:13",
        "format_version": "1.1",
        "locus": "name"
    },
    "files": {
        "phylo_model": "phylo_modelg73gur41.json",
        "aln_fasta": "total.protein.fasta.msa.trimal.with.genomeID.for.concatenation.filtered.shortseq95",
        "tree": "total.protein.fasta.msa.trimal.with.genomeID.for.concatenation.filtered.shortseq95.treefile",
        "tree_stats": "reestimated.fasttree.log"
    },
    "md5": {
        "phylo_model": "730f5ddd337ccbf7e9046decea0cfb0a",
        "aln_fasta": "4309bd23d164a406b7a242045516823f",
        "tree": "5ec9eb492188264abff08368a8d6c273",
        "tree_stats": "288cb9843d2d17daa86567a1b746633d"
    },
    "log": [
        "Stripped refpkg (removed 0 files)",
        "Loaded initial files into empty refpkg"
    ],
    "rollback": null,
    "rollforward": null
}
