{
    "metadata": {
        "create_date": "2023-11-13 07:20:24",
        "format_version": "1.1",
        "locus": "name"
    },
    "files": {
        "phylo_model": "phylo_modelppxa1i1k.json",
        "aln_fasta": "total.protein.fasta.msa.trimal.with.genomeID.for.concatenation.filtered.shortseq95",
        "tree": "total.protein.fasta.msa.trimal.with.genomeID.for.concatenation.filtered.shortseq95.treefile",
        "tree_stats": "reestimated.fasttree.log"
    },
    "md5": {
        "phylo_model": "36f7483baee42d21ec55789e139bc91a",
        "aln_fasta": "bd4811b8b48a61278368e40114ceb725",
        "tree": "8868e53a4ed208f4f604a8a1c8e1abf0",
        "tree_stats": "dbd74d3ea12dbf83939713e4c3d47e88"
    },
    "log": [
        "Stripped refpkg (removed 0 files)",
        "Loaded initial files into empty refpkg"
    ],
    "rollback": null,
    "rollforward": null
}
