{
    "metadata": {
        "create_date": "2023-11-13 07:20:23",
        "format_version": "1.1",
        "locus": "name"
    },
    "files": {
        "phylo_model": "phylo_model0wdrbhu3.json",
        "aln_fasta": "total.protein.fasta.msa.trimal.with.genomeID.for.concatenation.filtered.shortseq95",
        "tree": "total.protein.fasta.msa.trimal.with.genomeID.for.concatenation.filtered.shortseq95.treefile",
        "tree_stats": "reestimated.fasttree.log"
    },
    "md5": {
        "phylo_model": "618683c695d82e508703a9d9b28651d2",
        "aln_fasta": "5233e4cba7ed9159a634e820bb9f4a96",
        "tree": "59f932bdbe9e7bd0784eaccd06b351ef",
        "tree_stats": "5e2f754f634c9e9c87133f2631d4241c"
    },
    "log": [
        "Stripped refpkg (removed 0 files)",
        "Loaded initial files into empty refpkg"
    ],
    "rollback": null,
    "rollforward": null
}
