{
    "metadata": {
        "create_date": "2023-11-13 07:20:41",
        "format_version": "1.1",
        "locus": "name"
    },
    "files": {
        "phylo_model": "phylo_modeljf9x2np0.json",
        "aln_fasta": "total.protein.fasta.msa.trimal.with.genomeID.for.concatenation.filtered.shortseq95",
        "tree": "total.protein.fasta.msa.trimal.with.genomeID.for.concatenation.filtered.shortseq95.treefile",
        "tree_stats": "reestimated.fasttree.log"
    },
    "md5": {
        "phylo_model": "a7e01b70c734004287e8c7287e72745e",
        "aln_fasta": "bdad3ec4a240049ac9ae07e7991901af",
        "tree": "5dc1f3e37c3ec2586285764911317923",
        "tree_stats": "de942325a3497d24d7ec44bb15a07df4"
    },
    "log": [
        "Stripped refpkg (removed 0 files)",
        "Loaded initial files into empty refpkg"
    ],
    "rollback": null,
    "rollforward": null
}
