{
    "metadata": {
        "create_date": "2023-11-13 07:20:14",
        "format_version": "1.1",
        "locus": "name"
    },
    "files": {
        "phylo_model": "phylo_modelyw2j29l_.json",
        "aln_fasta": "total.protein.fasta.msa.trimal.with.genomeID.for.concatenation.filtered.shortseq95",
        "tree": "total.protein.fasta.msa.trimal.with.genomeID.for.concatenation.filtered.shortseq95.treefile",
        "tree_stats": "reestimated.fasttree.log"
    },
    "md5": {
        "phylo_model": "8c5c8df0bb384a0f46e77369dfb36577",
        "aln_fasta": "2d7d87cf9eda2fd5271c37314dfe2ff4",
        "tree": "7bf7b18611e3990034cdc22fd1f07003",
        "tree_stats": "3e9573757c3b66b69f32dbcc8c036485"
    },
    "log": [
        "Stripped refpkg (removed 0 files)",
        "Loaded initial files into empty refpkg"
    ],
    "rollback": null,
    "rollforward": null
}
