{
    "metadata": {
        "create_date": "2023-11-13 07:20:15",
        "format_version": "1.1",
        "locus": "name"
    },
    "files": {
        "phylo_model": "phylo_modelazr1vv4o.json",
        "aln_fasta": "total.protein.fasta.msa.trimal.with.genomeID.for.concatenation.filtered.shortseq95",
        "tree": "total.protein.fasta.msa.trimal.with.genomeID.for.concatenation.filtered.shortseq95.treefile",
        "tree_stats": "reestimated.fasttree.log"
    },
    "md5": {
        "phylo_model": "0675d191ac23832625c480027891b8a4",
        "aln_fasta": "5927a840f71a1a2cc115597be0959461",
        "tree": "8c41639fa2357b5263a2d1b8e51fb023",
        "tree_stats": "3097c3d86cb347216cec7506090ba231"
    },
    "log": [
        "Stripped refpkg (removed 0 files)",
        "Loaded initial files into empty refpkg"
    ],
    "rollback": null,
    "rollforward": null
}
