{
    "metadata": {
        "create_date": "2023-11-13 07:20:38",
        "format_version": "1.1",
        "locus": "name"
    },
    "files": {
        "phylo_model": "phylo_model_hhhqq2s.json",
        "aln_fasta": "total.protein.fasta.msa.trimal.with.genomeID.for.concatenation.filtered.shortseq95",
        "tree": "total.protein.fasta.msa.trimal.with.genomeID.for.concatenation.filtered.shortseq95.treefile",
        "tree_stats": "reestimated.fasttree.log"
    },
    "md5": {
        "phylo_model": "38789629a676fe06c005cf381a3ab31b",
        "aln_fasta": "4f661fc353b67fd54e0b8a26424864e6",
        "tree": "71bf7470d0ea55674de4423fa39d4659",
        "tree_stats": "9d719732c88bfdd55993f57b2e2ee145"
    },
    "log": [
        "Stripped refpkg (removed 0 files)",
        "Loaded initial files into empty refpkg"
    ],
    "rollback": null,
    "rollforward": null
}
