{
    "metadata": {
        "create_date": "2023-11-13 07:20:28",
        "format_version": "1.1",
        "locus": "name"
    },
    "files": {
        "phylo_model": "phylo_model1w494t4q.json",
        "aln_fasta": "total.protein.fasta.msa.trimal.with.genomeID.for.concatenation.filtered.shortseq95",
        "tree": "total.protein.fasta.msa.trimal.with.genomeID.for.concatenation.filtered.shortseq95.treefile",
        "tree_stats": "reestimated.fasttree.log"
    },
    "md5": {
        "phylo_model": "f7256e57c8814e9c2adc8538d49b2630",
        "aln_fasta": "ac690d171113ad63c769a6ff32585136",
        "tree": "75e098f9da69cd34638305b05677174e",
        "tree_stats": "707817891816cd3119de324652a4ccb6"
    },
    "log": [
        "Stripped refpkg (removed 0 files)",
        "Loaded initial files into empty refpkg"
    ],
    "rollback": null,
    "rollforward": null
}
