{
    "metadata": {
        "create_date": "2023-11-13 07:20:36",
        "format_version": "1.1",
        "locus": "name"
    },
    "files": {
        "phylo_model": "phylo_model1w6chfar.json",
        "aln_fasta": "total.protein.fasta.msa.trimal.with.genomeID.for.concatenation.filtered.shortseq95",
        "tree": "total.protein.fasta.msa.trimal.with.genomeID.for.concatenation.filtered.shortseq95.treefile",
        "tree_stats": "reestimated.fasttree.log"
    },
    "md5": {
        "phylo_model": "e7015f6e7401bff5b1d9a7e22a81cb27",
        "aln_fasta": "8ce68f086d85d1d9dd7d50022355ff35",
        "tree": "c69ab1001999e37e2a95cc2913c7105f",
        "tree_stats": "f9ccaa02ff76c7bd0615be1f58dd7a6d"
    },
    "log": [
        "Stripped refpkg (removed 0 files)",
        "Loaded initial files into empty refpkg"
    ],
    "rollback": null,
    "rollforward": null
}
