{
    "metadata": {
        "create_date": "2023-11-13 07:20:45",
        "format_version": "1.1",
        "locus": "name"
    },
    "files": {
        "phylo_model": "phylo_modelphwkny76.json",
        "aln_fasta": "total.protein.fasta.msa.trimal.with.genomeID.for.concatenation.filtered.shortseq95",
        "tree": "total.protein.fasta.msa.trimal.with.genomeID.for.concatenation.filtered.shortseq95.treefile",
        "tree_stats": "reestimated.fasttree.log"
    },
    "md5": {
        "phylo_model": "296c94631a6ae17d05d057af312f58ab",
        "aln_fasta": "b42d9005f2d4690512cc8ed77fa02b60",
        "tree": "390c4c8f5358a41dbf4a4425d4f15eee",
        "tree_stats": "e081e22b2792394bd8df757caea60f35"
    },
    "log": [
        "Stripped refpkg (removed 0 files)",
        "Loaded initial files into empty refpkg"
    ],
    "rollback": null,
    "rollforward": null
}
