{
    "metadata": {
        "create_date": "2023-11-13 07:20:39",
        "format_version": "1.1",
        "locus": "name"
    },
    "files": {
        "phylo_model": "phylo_modelazimxkye.json",
        "aln_fasta": "total.protein.fasta.msa.trimal.with.genomeID.for.concatenation.filtered.shortseq95",
        "tree": "total.protein.fasta.msa.trimal.with.genomeID.for.concatenation.filtered.shortseq95.treefile",
        "tree_stats": "reestimated.fasttree.log"
    },
    "md5": {
        "phylo_model": "23b28b2e6ccb7677c758e34a9583cb94",
        "aln_fasta": "2fd3058ec121200a19ec931d0797746b",
        "tree": "355f4280b80222f27fb5037b8acb8bcf",
        "tree_stats": "2f3e54f67f051e48a54ef7bbe42fee32"
    },
    "log": [
        "Stripped refpkg (removed 0 files)",
        "Loaded initial files into empty refpkg"
    ],
    "rollback": null,
    "rollforward": null
}
