{
    "metadata": {
        "create_date": "2023-11-13 07:20:36",
        "format_version": "1.1",
        "locus": "name"
    },
    "files": {
        "phylo_model": "phylo_modeltpm6189g.json",
        "aln_fasta": "total.protein.fasta.msa.trimal.with.genomeID.for.concatenation.filtered.shortseq95",
        "tree": "total.protein.fasta.msa.trimal.with.genomeID.for.concatenation.filtered.shortseq95.treefile",
        "tree_stats": "reestimated.fasttree.log"
    },
    "md5": {
        "phylo_model": "ab7abb435904abe205f8e4aab0268887",
        "aln_fasta": "d9abbcfe54c8b77e8fda729fbb6b8ba7",
        "tree": "072a0eda8bd33970eee14b5d4e505d99",
        "tree_stats": "f78b5a15a39af90e0cb23c8a8c429177"
    },
    "log": [
        "Stripped refpkg (removed 0 files)",
        "Loaded initial files into empty refpkg"
    ],
    "rollback": null,
    "rollforward": null
}
