{
    "metadata": {
        "create_date": "2023-11-13 07:20:13",
        "format_version": "1.1",
        "locus": "name"
    },
    "files": {
        "phylo_model": "phylo_modelqwjub91o.json",
        "aln_fasta": "total.protein.fasta.msa.trimal.with.genomeID.for.concatenation.filtered.shortseq95",
        "tree": "total.protein.fasta.msa.trimal.with.genomeID.for.concatenation.filtered.shortseq95.treefile",
        "tree_stats": "reestimated.fasttree.log"
    },
    "md5": {
        "phylo_model": "a0b2103df885316941311dbdd79569fb",
        "aln_fasta": "c5763ba51fb4700576726ade25f6c5ad",
        "tree": "bad7c1beec2234291d534cdfffcd7140",
        "tree_stats": "7e7f79787634e4a50711dc798ad34687"
    },
    "log": [
        "Stripped refpkg (removed 0 files)",
        "Loaded initial files into empty refpkg"
    ],
    "rollback": null,
    "rollforward": null
}
