{
    "metadata": {
        "create_date": "2023-11-13 07:20:42",
        "format_version": "1.1",
        "locus": "name"
    },
    "files": {
        "phylo_model": "phylo_model8oupg1z4.json",
        "aln_fasta": "total.protein.fasta.msa.trimal.with.genomeID.for.concatenation.filtered.shortseq95",
        "tree": "total.protein.fasta.msa.trimal.with.genomeID.for.concatenation.filtered.shortseq95.treefile",
        "tree_stats": "reestimated.fasttree.log"
    },
    "md5": {
        "phylo_model": "f5b8a6ea5ad15f27a291ba81f660c115",
        "aln_fasta": "eb4e347663f1349c7b228e6d8a0d8ece",
        "tree": "f060b52d84088441dba958523fbd103c",
        "tree_stats": "3a31f67cf9ef3b9417a672fabaaafa98"
    },
    "log": [
        "Stripped refpkg (removed 0 files)",
        "Loaded initial files into empty refpkg"
    ],
    "rollback": null,
    "rollforward": null
}
