{
    "metadata": {
        "create_date": "2023-11-13 07:20:41",
        "format_version": "1.1",
        "locus": "name"
    },
    "files": {
        "phylo_model": "phylo_modelqwknp0vg.json",
        "aln_fasta": "total.protein.fasta.msa.trimal.with.genomeID.for.concatenation.filtered.shortseq95",
        "tree": "total.protein.fasta.msa.trimal.with.genomeID.for.concatenation.filtered.shortseq95.treefile",
        "tree_stats": "reestimated.fasttree.log"
    },
    "md5": {
        "phylo_model": "246e6237f772b49e47057ecaf5cb9b04",
        "aln_fasta": "4e2ad0b598638cf7c7da6dcca7f2518c",
        "tree": "637c233af96f815a273e61088a318ab8",
        "tree_stats": "390d56d3334ce0287d41f7c246eb73de"
    },
    "log": [
        "Stripped refpkg (removed 0 files)",
        "Loaded initial files into empty refpkg"
    ],
    "rollback": null,
    "rollforward": null
}
