{
    "metadata": {
        "create_date": "2023-11-13 07:20:21",
        "format_version": "1.1",
        "locus": "name"
    },
    "files": {
        "phylo_model": "phylo_modelcz50uoed.json",
        "aln_fasta": "total.protein.fasta.msa.trimal.with.genomeID.for.concatenation.filtered.shortseq95",
        "tree": "total.protein.fasta.msa.trimal.with.genomeID.for.concatenation.filtered.shortseq95.treefile",
        "tree_stats": "reestimated.fasttree.log"
    },
    "md5": {
        "phylo_model": "bc2de6dd205d3eb4b5d195d5702f84d5",
        "aln_fasta": "72ebdbd18370a90e9af8101af237c196",
        "tree": "29f870b64ff285c4c9c7f900c0842ab5",
        "tree_stats": "68e605505952d2ed0b39b1b2feb50109"
    },
    "log": [
        "Stripped refpkg (removed 0 files)",
        "Loaded initial files into empty refpkg"
    ],
    "rollback": null,
    "rollforward": null
}
