{
    "metadata": {
        "create_date": "2023-11-13 07:20:44",
        "format_version": "1.1",
        "locus": "name"
    },
    "files": {
        "phylo_model": "phylo_modelvzcj65kc.json",
        "aln_fasta": "total.protein.fasta.msa.trimal.with.genomeID.for.concatenation.filtered.shortseq95",
        "tree": "total.protein.fasta.msa.trimal.with.genomeID.for.concatenation.filtered.shortseq95.treefile",
        "tree_stats": "reestimated.fasttree.log"
    },
    "md5": {
        "phylo_model": "4421db0abd9fed0ddf5bb0164f3eeeed",
        "aln_fasta": "db907ccad8c5cb17197d15a102d6e9e5",
        "tree": "db64fd8ff01ea06ae4362d3db6e98e74",
        "tree_stats": "af90d47689e73c2ef5a563ca0e845800"
    },
    "log": [
        "Stripped refpkg (removed 0 files)",
        "Loaded initial files into empty refpkg"
    ],
    "rollback": null,
    "rollforward": null
}
