{
    "metadata": {
        "create_date": "2023-11-13 07:20:12",
        "format_version": "1.1",
        "locus": "name"
    },
    "files": {
        "phylo_model": "phylo_modelz_75egqy.json",
        "aln_fasta": "total.protein.fasta.msa.trimal.with.genomeID.for.concatenation.filtered.shortseq95",
        "tree": "total.protein.fasta.msa.trimal.with.genomeID.for.concatenation.filtered.shortseq95.treefile",
        "tree_stats": "reestimated.fasttree.log"
    },
    "md5": {
        "phylo_model": "7e59319ea838204126d8377dd4b6791c",
        "aln_fasta": "284f59c698bb21c1e56ef3076f15caf1",
        "tree": "60de9181e24234546b3c53afc08a4a72",
        "tree_stats": "766d8930d445131b97512687cb1760a3"
    },
    "log": [
        "Stripped refpkg (removed 0 files)",
        "Loaded initial files into empty refpkg"
    ],
    "rollback": null,
    "rollforward": null
}
