{
    "metadata": {
        "create_date": "2023-11-13 07:20:17",
        "format_version": "1.1",
        "locus": "name"
    },
    "files": {
        "phylo_model": "phylo_modeltog9o1ih.json",
        "aln_fasta": "total.protein.fasta.msa.trimal.with.genomeID.for.concatenation.filtered.shortseq95",
        "tree": "total.protein.fasta.msa.trimal.with.genomeID.for.concatenation.filtered.shortseq95.treefile",
        "tree_stats": "reestimated.fasttree.log"
    },
    "md5": {
        "phylo_model": "42bbd7c847f0e75537d9d4cdcd57a096",
        "aln_fasta": "815a3d9580c7e04e61aa105ac8e1b424",
        "tree": "a25d6c4b8c0a56979294cd9ea5020046",
        "tree_stats": "0e6cb532b0b9f601c5c33096f8e2153c"
    },
    "log": [
        "Stripped refpkg (removed 0 files)",
        "Loaded initial files into empty refpkg"
    ],
    "rollback": null,
    "rollforward": null
}
