{
    "metadata": {
        "create_date": "2023-11-13 07:20:35",
        "format_version": "1.1",
        "locus": "name"
    },
    "files": {
        "phylo_model": "phylo_modelkvsbsohy.json",
        "aln_fasta": "total.protein.fasta.msa.trimal.with.genomeID.for.concatenation.filtered.shortseq95",
        "tree": "total.protein.fasta.msa.trimal.with.genomeID.for.concatenation.filtered.shortseq95.treefile",
        "tree_stats": "reestimated.fasttree.log"
    },
    "md5": {
        "phylo_model": "90bbf3d544c0d921eff852d63b31361e",
        "aln_fasta": "22c4ccd0b34995cbb78991faa657b8de",
        "tree": "795c662f197f1dcf2a09bcbcd79454ce",
        "tree_stats": "147ea0dc734c30c756227fcc7303d5f1"
    },
    "log": [
        "Stripped refpkg (removed 0 files)",
        "Loaded initial files into empty refpkg"
    ],
    "rollback": null,
    "rollforward": null
}
