{
    "metadata": {
        "create_date": "2023-11-13 07:20:20",
        "format_version": "1.1",
        "locus": "name"
    },
    "files": {
        "phylo_model": "phylo_modellz9ny3hk.json",
        "aln_fasta": "total.protein.fasta.msa.trimal.with.genomeID.for.concatenation.filtered.shortseq95",
        "tree": "total.protein.fasta.msa.trimal.with.genomeID.for.concatenation.filtered.shortseq95.treefile",
        "tree_stats": "reestimated.fasttree.log"
    },
    "md5": {
        "phylo_model": "bde1520de3e222c26bc82ad502988cc6",
        "aln_fasta": "af9b2ed7a1df3a3ff667a4be837c8f4f",
        "tree": "3e2b7c0fb09dbc58154ccda5a3c3060e",
        "tree_stats": "8cde5903119c9847a7d6899e2ff79b68"
    },
    "log": [
        "Stripped refpkg (removed 0 files)",
        "Loaded initial files into empty refpkg"
    ],
    "rollback": null,
    "rollforward": null
}
