{
    "metadata": {
        "create_date": "2023-11-13 07:20:12",
        "format_version": "1.1",
        "locus": "name"
    },
    "files": {
        "phylo_model": "phylo_model8x7nxwji.json",
        "aln_fasta": "total.protein.fasta.msa.trimal.with.genomeID.for.concatenation.filtered.shortseq95",
        "tree": "total.protein.fasta.msa.trimal.with.genomeID.for.concatenation.filtered.shortseq95.treefile",
        "tree_stats": "reestimated.fasttree.log"
    },
    "md5": {
        "phylo_model": "ae1fa2556f2c3190be9f5c09cf5628a7",
        "aln_fasta": "56ee1cd7186ca77a569f3f790ed24696",
        "tree": "7704ce06b73cfc44390cf6098e7764c8",
        "tree_stats": "236d6ba050b16642623dba30ccfe3f55"
    },
    "log": [
        "Stripped refpkg (removed 0 files)",
        "Loaded initial files into empty refpkg"
    ],
    "rollback": null,
    "rollforward": null
}
