{
    "metadata": {
        "create_date": "2023-11-13 07:20:23",
        "format_version": "1.1",
        "locus": "name"
    },
    "files": {
        "phylo_model": "phylo_model92rsncnq.json",
        "aln_fasta": "total.protein.fasta.msa.trimal.with.genomeID.for.concatenation.filtered.shortseq95",
        "tree": "total.protein.fasta.msa.trimal.with.genomeID.for.concatenation.filtered.shortseq95.treefile",
        "tree_stats": "reestimated.fasttree.log"
    },
    "md5": {
        "phylo_model": "7ce3327e9b3540bb17a4e770cac987b8",
        "aln_fasta": "d3b3bb8174edb553703496af0091ae1d",
        "tree": "9b7d8e0be8525f613a78b949e74d0c5d",
        "tree_stats": "dd728d6ef2a890582559b30bfdbf2d83"
    },
    "log": [
        "Stripped refpkg (removed 0 files)",
        "Loaded initial files into empty refpkg"
    ],
    "rollback": null,
    "rollforward": null
}
