{
    "metadata": {
        "create_date": "2023-11-13 07:20:34",
        "format_version": "1.1",
        "locus": "name"
    },
    "files": {
        "phylo_model": "phylo_modelsloujvym.json",
        "aln_fasta": "total.protein.fasta.msa.trimal.with.genomeID.for.concatenation.filtered.shortseq95",
        "tree": "total.protein.fasta.msa.trimal.with.genomeID.for.concatenation.filtered.shortseq95.treefile",
        "tree_stats": "reestimated.fasttree.log"
    },
    "md5": {
        "phylo_model": "648a9b28f71bfd55b8a84c432028d903",
        "aln_fasta": "0d38f1a0b639314d77604a1e0b8312a3",
        "tree": "e6e0fe7a47032e745a9b936c7473b4c0",
        "tree_stats": "bbb1d932edfb9ac1e6e0480d84d4f2ff"
    },
    "log": [
        "Stripped refpkg (removed 0 files)",
        "Loaded initial files into empty refpkg"
    ],
    "rollback": null,
    "rollforward": null
}
