{
    "metadata": {
        "create_date": "2023-11-13 07:20:23",
        "format_version": "1.1",
        "locus": "name"
    },
    "files": {
        "phylo_model": "phylo_model8omhwofd.json",
        "aln_fasta": "total.protein.fasta.msa.trimal.with.genomeID.for.concatenation.filtered.shortseq95",
        "tree": "total.protein.fasta.msa.trimal.with.genomeID.for.concatenation.filtered.shortseq95.treefile",
        "tree_stats": "reestimated.fasttree.log"
    },
    "md5": {
        "phylo_model": "64c55d2326f1cf1b72fbbe8b44ea1753",
        "aln_fasta": "bf48d70bcf5273c7237f04bc1ba9329a",
        "tree": "2ac31e59f42fdf27f5b368f6e94d54c0",
        "tree_stats": "1d537e1ddc6a356c896d484653242a03"
    },
    "log": [
        "Stripped refpkg (removed 0 files)",
        "Loaded initial files into empty refpkg"
    ],
    "rollback": null,
    "rollforward": null
}
