{
    "metadata": {
        "create_date": "2023-11-13 07:20:31",
        "format_version": "1.1",
        "locus": "name"
    },
    "files": {
        "phylo_model": "phylo_modelqrfqeol1.json",
        "aln_fasta": "total.protein.fasta.msa.trimal.with.genomeID.for.concatenation.filtered.shortseq95",
        "tree": "total.protein.fasta.msa.trimal.with.genomeID.for.concatenation.filtered.shortseq95.treefile",
        "tree_stats": "reestimated.fasttree.log"
    },
    "md5": {
        "phylo_model": "29569ce78d4c234416e55a86f343af39",
        "aln_fasta": "702adae1a128695846748555ef356ac9",
        "tree": "cd44fa6ee2e667a3c2611196d37fcb18",
        "tree_stats": "2dfd7cdfebcb5e57bf0f27295cc43a8a"
    },
    "log": [
        "Stripped refpkg (removed 0 files)",
        "Loaded initial files into empty refpkg"
    ],
    "rollback": null,
    "rollforward": null
}
