{
    "metadata": {
        "create_date": "2023-11-13 07:20:14",
        "format_version": "1.1",
        "locus": "name"
    },
    "files": {
        "phylo_model": "phylo_modeljca3g4mn.json",
        "aln_fasta": "total.protein.fasta.msa.trimal.with.genomeID.for.concatenation.filtered.shortseq95",
        "tree": "total.protein.fasta.msa.trimal.with.genomeID.for.concatenation.filtered.shortseq95.treefile",
        "tree_stats": "reestimated.fasttree.log"
    },
    "md5": {
        "phylo_model": "8109331480f8431ffb49f6777b8907a1",
        "aln_fasta": "32aba052447373d0dc43772b6060d3b2",
        "tree": "05f3eabcd2e7dcffc1fc0ef9a3e7f6a8",
        "tree_stats": "b33ad87e05e9458017acb02804273530"
    },
    "log": [
        "Stripped refpkg (removed 0 files)",
        "Loaded initial files into empty refpkg"
    ],
    "rollback": null,
    "rollforward": null
}
