{
    "metadata": {
        "create_date": "2023-11-13 07:20:32",
        "format_version": "1.1",
        "locus": "name"
    },
    "files": {
        "phylo_model": "phylo_modelcwr261ps.json",
        "aln_fasta": "total.protein.fasta.msa.trimal.with.genomeID.for.concatenation.filtered.shortseq95",
        "tree": "total.protein.fasta.msa.trimal.with.genomeID.for.concatenation.filtered.shortseq95.treefile",
        "tree_stats": "reestimated.fasttree.log"
    },
    "md5": {
        "phylo_model": "a1acfd6bfbe0f37f6f3c63b19653890c",
        "aln_fasta": "3b16e8e2b04b4052cde8c47cd0c2ecf8",
        "tree": "4c260c2b3b3088c10622251c22cc3e3d",
        "tree_stats": "7e8329457bb503fef77cf206f27a8ef9"
    },
    "log": [
        "Stripped refpkg (removed 0 files)",
        "Loaded initial files into empty refpkg"
    ],
    "rollback": null,
    "rollforward": null
}
