{
    "metadata": {
        "create_date": "2023-11-13 07:20:32",
        "format_version": "1.1",
        "locus": "name"
    },
    "files": {
        "phylo_model": "phylo_model_z98djm_.json",
        "aln_fasta": "total.protein.fasta.msa.trimal.with.genomeID.for.concatenation.filtered.shortseq95",
        "tree": "total.protein.fasta.msa.trimal.with.genomeID.for.concatenation.filtered.shortseq95.treefile",
        "tree_stats": "reestimated.fasttree.log"
    },
    "md5": {
        "phylo_model": "3b7f682d65540a43d3df56d9c89f3e6f",
        "aln_fasta": "80a91f20ed963ec268f26fd94758ce9d",
        "tree": "6fd14a40dba54cc41827635649bd1a39",
        "tree_stats": "4d5c8d76821ade11d257da682f0b360c"
    },
    "log": [
        "Stripped refpkg (removed 0 files)",
        "Loaded initial files into empty refpkg"
    ],
    "rollback": null,
    "rollforward": null
}
