{
    "metadata": {
        "create_date": "2023-11-13 07:20:10",
        "format_version": "1.1",
        "locus": "name"
    },
    "files": {
        "phylo_model": "phylo_model8era5kw1.json",
        "aln_fasta": "total.protein.fasta.msa.trimal.with.genomeID.for.concatenation.filtered.shortseq95",
        "tree": "total.protein.fasta.msa.trimal.with.genomeID.for.concatenation.filtered.shortseq95.treefile",
        "tree_stats": "reestimated.fasttree.log"
    },
    "md5": {
        "phylo_model": "fad82209469caae048c4026ec9a44b76",
        "aln_fasta": "def4ca69359228cf4170befdc224b157",
        "tree": "62a74f844b2de2caf0a9efa3c9ae2bc7",
        "tree_stats": "fdd3879783ff0a9159c9bb7ba0cb299b"
    },
    "log": [
        "Stripped refpkg (removed 0 files)",
        "Loaded initial files into empty refpkg"
    ],
    "rollback": null,
    "rollforward": null
}
