{
    "metadata": {
        "create_date": "2023-11-13 07:20:42",
        "format_version": "1.1",
        "locus": "name"
    },
    "files": {
        "phylo_model": "phylo_modelg8xx9brc.json",
        "aln_fasta": "total.protein.fasta.msa.trimal.with.genomeID.for.concatenation.filtered.shortseq95",
        "tree": "total.protein.fasta.msa.trimal.with.genomeID.for.concatenation.filtered.shortseq95.treefile",
        "tree_stats": "reestimated.fasttree.log"
    },
    "md5": {
        "phylo_model": "0bfa575808384156b37045988f549a48",
        "aln_fasta": "e779b26aa25ba2566a6d4024203080f5",
        "tree": "b54a5e27f634d27b4beae3acefeee06a",
        "tree_stats": "02deaf4fa47b2cefb43d97b74b1c5714"
    },
    "log": [
        "Stripped refpkg (removed 0 files)",
        "Loaded initial files into empty refpkg"
    ],
    "rollback": null,
    "rollforward": null
}
