{
    "metadata": {
        "create_date": "2023-11-13 07:20:43",
        "format_version": "1.1",
        "locus": "name"
    },
    "files": {
        "phylo_model": "phylo_modelbixcchqg.json",
        "aln_fasta": "total.protein.fasta.msa.trimal.with.genomeID.for.concatenation.filtered.shortseq95",
        "tree": "total.protein.fasta.msa.trimal.with.genomeID.for.concatenation.filtered.shortseq95.treefile",
        "tree_stats": "reestimated.fasttree.log"
    },
    "md5": {
        "phylo_model": "e53c851e82e61c74b9a013bf4b5749ca",
        "aln_fasta": "462120e91ab2b1a1c2fda6f01f2fce7a",
        "tree": "b4d2138ae66d532da84dd91799cc89a9",
        "tree_stats": "d558a82d0d70f0131ebeeb20321bff2b"
    },
    "log": [
        "Stripped refpkg (removed 0 files)",
        "Loaded initial files into empty refpkg"
    ],
    "rollback": null,
    "rollforward": null
}
