{
    "metadata": {
        "create_date": "2023-11-13 07:20:21",
        "format_version": "1.1",
        "locus": "name"
    },
    "files": {
        "phylo_model": "phylo_model9q36c5uy.json",
        "aln_fasta": "total.protein.fasta.msa.trimal.with.genomeID.for.concatenation.filtered.shortseq95",
        "tree": "total.protein.fasta.msa.trimal.with.genomeID.for.concatenation.filtered.shortseq95.treefile",
        "tree_stats": "reestimated.fasttree.log"
    },
    "md5": {
        "phylo_model": "156fa298c6f46ef1bf8d39ea17029231",
        "aln_fasta": "efb34749436e998f1e8b6f60bb35b9e6",
        "tree": "58a42475e426fcdf827bad2d71c7d1de",
        "tree_stats": "869b4fd7133770805a11a5d439564737"
    },
    "log": [
        "Stripped refpkg (removed 0 files)",
        "Loaded initial files into empty refpkg"
    ],
    "rollback": null,
    "rollforward": null
}
