{
    "metadata": {
        "create_date": "2023-11-13 07:20:33",
        "format_version": "1.1",
        "locus": "name"
    },
    "files": {
        "phylo_model": "phylo_modelezr2p9ht.json",
        "aln_fasta": "total.protein.fasta.msa.trimal.with.genomeID.for.concatenation.filtered.shortseq95",
        "tree": "total.protein.fasta.msa.trimal.with.genomeID.for.concatenation.filtered.shortseq95.treefile",
        "tree_stats": "reestimated.fasttree.log"
    },
    "md5": {
        "phylo_model": "324732567e7a92068b4a4cc414dc10cb",
        "aln_fasta": "1cfc00ecd7f93e8470d9b3c47e147fbc",
        "tree": "70af09cfe1191bfaed3503a80cdb2faa",
        "tree_stats": "932e156bdb87736e6209583dc2d60098"
    },
    "log": [
        "Stripped refpkg (removed 0 files)",
        "Loaded initial files into empty refpkg"
    ],
    "rollback": null,
    "rollforward": null
}
