{
    "metadata": {
        "create_date": "2023-11-13 07:20:33",
        "format_version": "1.1",
        "locus": "name"
    },
    "files": {
        "phylo_model": "phylo_model967o77ht.json",
        "aln_fasta": "total.protein.fasta.msa.trimal.with.genomeID.for.concatenation.filtered.shortseq95",
        "tree": "total.protein.fasta.msa.trimal.with.genomeID.for.concatenation.filtered.shortseq95.treefile",
        "tree_stats": "reestimated.fasttree.log"
    },
    "md5": {
        "phylo_model": "862b520bcb3d27c025ced04430a1209f",
        "aln_fasta": "a31ba74542914c99f7d8b4d953aeabe4",
        "tree": "b8035821e7fc35c4f67d52fcea16db54",
        "tree_stats": "fdf89005e12f18a957888e8d8f03a0fa"
    },
    "log": [
        "Stripped refpkg (removed 0 files)",
        "Loaded initial files into empty refpkg"
    ],
    "rollback": null,
    "rollforward": null
}
