{
    "metadata": {
        "create_date": "2023-11-13 07:20:19",
        "format_version": "1.1",
        "locus": "name"
    },
    "files": {
        "phylo_model": "phylo_modelw730a0uz.json",
        "aln_fasta": "total.protein.fasta.msa.trimal.with.genomeID.for.concatenation.filtered.shortseq95",
        "tree": "total.protein.fasta.msa.trimal.with.genomeID.for.concatenation.filtered.shortseq95.treefile",
        "tree_stats": "reestimated.fasttree.log"
    },
    "md5": {
        "phylo_model": "224fa551d6704630489f08b6b3fe5cb9",
        "aln_fasta": "f11632146e807485cb6521206ac91c6d",
        "tree": "762b95fb0de31f25afbd26e621b852d7",
        "tree_stats": "e09c61ecae47d8316e63aa79b1ef3f1e"
    },
    "log": [
        "Stripped refpkg (removed 0 files)",
        "Loaded initial files into empty refpkg"
    ],
    "rollback": null,
    "rollforward": null
}
