{
    "metadata": {
        "create_date": "2023-11-13 07:20:30",
        "format_version": "1.1",
        "locus": "name"
    },
    "files": {
        "phylo_model": "phylo_modelnukkdo0o.json",
        "aln_fasta": "total.protein.fasta.msa.trimal.with.genomeID.for.concatenation.filtered.shortseq95",
        "tree": "total.protein.fasta.msa.trimal.with.genomeID.for.concatenation.filtered.shortseq95.treefile",
        "tree_stats": "reestimated.fasttree.log"
    },
    "md5": {
        "phylo_model": "064e2fb7f2c6ce515d1757ee13f3f919",
        "aln_fasta": "43df72c6287f87c3d6416d98a8869d39",
        "tree": "63764e6d9e6d4ddae0013df7101f7869",
        "tree_stats": "3ad368fc8d91df6565c4f0d7af185f7b"
    },
    "log": [
        "Stripped refpkg (removed 0 files)",
        "Loaded initial files into empty refpkg"
    ],
    "rollback": null,
    "rollforward": null
}
