{
    "metadata": {
        "create_date": "2023-11-13 07:20:29",
        "format_version": "1.1",
        "locus": "name"
    },
    "files": {
        "phylo_model": "phylo_model_i4q_6t8.json",
        "aln_fasta": "total.protein.fasta.msa.trimal.with.genomeID.for.concatenation.filtered.shortseq95",
        "tree": "total.protein.fasta.msa.trimal.with.genomeID.for.concatenation.filtered.shortseq95.treefile",
        "tree_stats": "reestimated.fasttree.log"
    },
    "md5": {
        "phylo_model": "40967af0f61c973861d270ef3eca617e",
        "aln_fasta": "0a6bafeea69d4524b3048f503b265b74",
        "tree": "41d166cdad5481aa5e9848039836536b",
        "tree_stats": "a1e63b2952579a9557622af09182a662"
    },
    "log": [
        "Stripped refpkg (removed 0 files)",
        "Loaded initial files into empty refpkg"
    ],
    "rollback": null,
    "rollforward": null
}
