{
    "metadata": {
        "create_date": "2023-11-13 07:20:24",
        "format_version": "1.1",
        "locus": "name"
    },
    "files": {
        "phylo_model": "phylo_model0kdl9abh.json",
        "aln_fasta": "total.protein.fasta.msa.trimal.with.genomeID.for.concatenation.filtered.shortseq95",
        "tree": "total.protein.fasta.msa.trimal.with.genomeID.for.concatenation.filtered.shortseq95.treefile",
        "tree_stats": "reestimated.fasttree.log"
    },
    "md5": {
        "phylo_model": "b8fc2fb591992828180d4d0a2a063d91",
        "aln_fasta": "aa9256bdf9090af19e96ba885d4e70e2",
        "tree": "4b68aba6eb777748e07e4623594d6234",
        "tree_stats": "ee35944456fbb1a76a222d274bf0cd72"
    },
    "log": [
        "Stripped refpkg (removed 0 files)",
        "Loaded initial files into empty refpkg"
    ],
    "rollback": null,
    "rollforward": null
}
