{
    "metadata": {
        "create_date": "2023-11-13 07:20:31",
        "format_version": "1.1",
        "locus": "name"
    },
    "files": {
        "phylo_model": "phylo_model5t1acu0x.json",
        "aln_fasta": "total.protein.fasta.msa.trimal.with.genomeID.for.concatenation.filtered.shortseq95",
        "tree": "total.protein.fasta.msa.trimal.with.genomeID.for.concatenation.filtered.shortseq95.treefile",
        "tree_stats": "reestimated.fasttree.log"
    },
    "md5": {
        "phylo_model": "324732567e7a92068b4a4cc414dc10cb",
        "aln_fasta": "21235eec56b4962e8a248f8652e9c245",
        "tree": "b0b570f30bd83bb849aeab600c61b1f9",
        "tree_stats": "ccc6082be79a8e6283558df15e74e0a1"
    },
    "log": [
        "Stripped refpkg (removed 0 files)",
        "Loaded initial files into empty refpkg"
    ],
    "rollback": null,
    "rollforward": null
}
