{
    "metadata": {
        "create_date": "2023-11-13 07:20:40",
        "format_version": "1.1",
        "locus": "name"
    },
    "files": {
        "phylo_model": "phylo_model0epq00_9.json",
        "aln_fasta": "total.protein.fasta.msa.trimal.with.genomeID.for.concatenation.filtered.shortseq95",
        "tree": "total.protein.fasta.msa.trimal.with.genomeID.for.concatenation.filtered.shortseq95.treefile",
        "tree_stats": "reestimated.fasttree.log"
    },
    "md5": {
        "phylo_model": "ff77ccd4b6c834a938801d41b44d6f5d",
        "aln_fasta": "1eadd33fc1affa8b5d69fbfd77f937e9",
        "tree": "c65223e47e287c62322b64579efa81c2",
        "tree_stats": "dd331db8050a7418d239403659c16971"
    },
    "log": [
        "Stripped refpkg (removed 0 files)",
        "Loaded initial files into empty refpkg"
    ],
    "rollback": null,
    "rollforward": null
}
