{
    "metadata": {
        "create_date": "2023-11-13 07:20:26",
        "format_version": "1.1",
        "locus": "name"
    },
    "files": {
        "phylo_model": "phylo_modelj82ynkve.json",
        "aln_fasta": "total.protein.fasta.msa.trimal.with.genomeID.for.concatenation.filtered.shortseq95",
        "tree": "total.protein.fasta.msa.trimal.with.genomeID.for.concatenation.filtered.shortseq95.treefile",
        "tree_stats": "reestimated.fasttree.log"
    },
    "md5": {
        "phylo_model": "537a84f4342c57b277415e2580a31911",
        "aln_fasta": "5f6c99e5273fb1c8c224d86953352d95",
        "tree": "bebae15f7ae74e81853ae29484e26f79",
        "tree_stats": "f9957bca53efed2a3a6778c1402ddff5"
    },
    "log": [
        "Stripped refpkg (removed 0 files)",
        "Loaded initial files into empty refpkg"
    ],
    "rollback": null,
    "rollforward": null
}
