{
    "metadata": {
        "create_date": "2023-11-13 07:20:22",
        "format_version": "1.1",
        "locus": "name"
    },
    "files": {
        "phylo_model": "phylo_modeleea1jvxh.json",
        "aln_fasta": "total.protein.fasta.msa.trimal.with.genomeID.for.concatenation.filtered.shortseq95",
        "tree": "total.protein.fasta.msa.trimal.with.genomeID.for.concatenation.filtered.shortseq95.treefile",
        "tree_stats": "reestimated.fasttree.log"
    },
    "md5": {
        "phylo_model": "cdb754de9f0a71847f53437b1389e40c",
        "aln_fasta": "1d2610a473e2bbe24efc59f871540dbd",
        "tree": "914c38617e6cf35181cca0beec427520",
        "tree_stats": "99b2128b437d758921bee7622e3225f3"
    },
    "log": [
        "Stripped refpkg (removed 0 files)",
        "Loaded initial files into empty refpkg"
    ],
    "rollback": null,
    "rollforward": null
}
