{
    "metadata": {
        "create_date": "2023-11-13 07:20:35",
        "format_version": "1.1",
        "locus": "name"
    },
    "files": {
        "phylo_model": "phylo_modelqs4ifef0.json",
        "aln_fasta": "total.protein.fasta.msa.trimal.with.genomeID.for.concatenation.filtered.shortseq95",
        "tree": "total.protein.fasta.msa.trimal.with.genomeID.for.concatenation.filtered.shortseq95.treefile",
        "tree_stats": "reestimated.fasttree.log"
    },
    "md5": {
        "phylo_model": "9b2c0c2926dbc35ee0367c7a52c23791",
        "aln_fasta": "3f340148e35bfcd353958476715c8e52",
        "tree": "ac120186963152baca7a7d0d050d4911",
        "tree_stats": "dec8da26837c45a26dd9af5b5b4ebad7"
    },
    "log": [
        "Stripped refpkg (removed 0 files)",
        "Loaded initial files into empty refpkg"
    ],
    "rollback": null,
    "rollforward": null
}
