{
    "metadata": {
        "create_date": "2023-11-13 07:20:39",
        "format_version": "1.1",
        "locus": "name"
    },
    "files": {
        "phylo_model": "phylo_model_xlpbl9l.json",
        "aln_fasta": "total.protein.fasta.msa.trimal.with.genomeID.for.concatenation.filtered.shortseq95",
        "tree": "total.protein.fasta.msa.trimal.with.genomeID.for.concatenation.filtered.shortseq95.treefile",
        "tree_stats": "reestimated.fasttree.log"
    },
    "md5": {
        "phylo_model": "b73eac746fa4fb0336b8d212b1632507",
        "aln_fasta": "a17a613d9d4897111192bc956199e634",
        "tree": "70a96ee1bde6e25dc1337ecc74cdeb57",
        "tree_stats": "5a288905d357850e3b7084784dd05a50"
    },
    "log": [
        "Stripped refpkg (removed 0 files)",
        "Loaded initial files into empty refpkg"
    ],
    "rollback": null,
    "rollforward": null
}
