{
    "metadata": {
        "create_date": "2023-11-13 07:20:18",
        "format_version": "1.1",
        "locus": "name"
    },
    "files": {
        "phylo_model": "phylo_modelgttad6qw.json",
        "aln_fasta": "total.protein.fasta.msa.trimal.with.genomeID.for.concatenation.filtered.shortseq95",
        "tree": "total.protein.fasta.msa.trimal.with.genomeID.for.concatenation.filtered.shortseq95.treefile",
        "tree_stats": "reestimated.fasttree.log"
    },
    "md5": {
        "phylo_model": "bda107cc8bcf341bffe8762088e5afdc",
        "aln_fasta": "ee4afb92e93611221259e70e7b67cdaa",
        "tree": "73500566af8804257bd29df8a65e5cf6",
        "tree_stats": "1f4c192f468aa5b03c4511f8e5805e80"
    },
    "log": [
        "Stripped refpkg (removed 0 files)",
        "Loaded initial files into empty refpkg"
    ],
    "rollback": null,
    "rollforward": null
}
