{
    "metadata": {
        "create_date": "2023-11-13 07:20:26",
        "format_version": "1.1",
        "locus": "name"
    },
    "files": {
        "phylo_model": "phylo_modelbnz4zlsk.json",
        "aln_fasta": "total.protein.fasta.msa.trimal.with.genomeID.for.concatenation.filtered.shortseq95",
        "tree": "total.protein.fasta.msa.trimal.with.genomeID.for.concatenation.filtered.shortseq95.treefile",
        "tree_stats": "reestimated.fasttree.log"
    },
    "md5": {
        "phylo_model": "a6015b7171d22b5e4a90b99c996af431",
        "aln_fasta": "25b76a502d3013f0eebc9b8dee267507",
        "tree": "aed8ed6db548ea5dbc862098d9e4c609",
        "tree_stats": "6aec11da5d8e0377d2b259e894f82132"
    },
    "log": [
        "Stripped refpkg (removed 0 files)",
        "Loaded initial files into empty refpkg"
    ],
    "rollback": null,
    "rollforward": null
}
