{
    "metadata": {
        "create_date": "2023-11-13 07:20:29",
        "format_version": "1.1",
        "locus": "name"
    },
    "files": {
        "phylo_model": "phylo_modelfzf7vrtc.json",
        "aln_fasta": "total.protein.fasta.msa.trimal.with.genomeID.for.concatenation.filtered.shortseq95",
        "tree": "total.protein.fasta.msa.trimal.with.genomeID.for.concatenation.filtered.shortseq95.treefile",
        "tree_stats": "reestimated.fasttree.log"
    },
    "md5": {
        "phylo_model": "54929003b92dda81a92e22f1790940b8",
        "aln_fasta": "d0961ae1f81b7b5b8e1548ada58a8572",
        "tree": "a581992f6b4b88adcaa62405b8558f23",
        "tree_stats": "015d46495adad08416775d3c6e8eaec5"
    },
    "log": [
        "Stripped refpkg (removed 0 files)",
        "Loaded initial files into empty refpkg"
    ],
    "rollback": null,
    "rollforward": null
}
