{
    "metadata": {
        "create_date": "2023-11-13 07:20:44",
        "format_version": "1.1",
        "locus": "name"
    },
    "files": {
        "phylo_model": "phylo_model447pin6z.json",
        "aln_fasta": "total.protein.fasta.msa.trimal.with.genomeID.for.concatenation.filtered.shortseq95",
        "tree": "total.protein.fasta.msa.trimal.with.genomeID.for.concatenation.filtered.shortseq95.treefile",
        "tree_stats": "reestimated.fasttree.log"
    },
    "md5": {
        "phylo_model": "184d47673d66e9fe31919b23ceba0131",
        "aln_fasta": "6e4ca2d78bf522586deebdc3e8804095",
        "tree": "ed71c4b11bd1724590dfcbffbb95a996",
        "tree_stats": "4cd458279944db787bacb6e38833cb72"
    },
    "log": [
        "Stripped refpkg (removed 0 files)",
        "Loaded initial files into empty refpkg"
    ],
    "rollback": null,
    "rollforward": null
}
