{
    "metadata": {
        "create_date": "2023-11-13 07:20:11",
        "format_version": "1.1",
        "locus": "name"
    },
    "files": {
        "phylo_model": "phylo_modelx5aeg5ok.json",
        "aln_fasta": "total.protein.fasta.msa.trimal.with.genomeID.for.concatenation.filtered.shortseq95",
        "tree": "total.protein.fasta.msa.trimal.with.genomeID.for.concatenation.filtered.shortseq95.treefile",
        "tree_stats": "reestimated.fasttree.log"
    },
    "md5": {
        "phylo_model": "12ab5d95b6744a8b73351ecb1f85e556",
        "aln_fasta": "4991d8c45244c00ea483466aeccda18f",
        "tree": "e254c9d29dcad4a03c08a105cc28ba3a",
        "tree_stats": "fb6bbf46abd01fd88f9a1c57013e75e8"
    },
    "log": [
        "Stripped refpkg (removed 0 files)",
        "Loaded initial files into empty refpkg"
    ],
    "rollback": null,
    "rollforward": null
}
