{
    "metadata": {
        "create_date": "2023-11-13 07:20:34",
        "format_version": "1.1",
        "locus": "name"
    },
    "files": {
        "phylo_model": "phylo_modelb4zkreky.json",
        "aln_fasta": "total.protein.fasta.msa.trimal.with.genomeID.for.concatenation.filtered.shortseq95",
        "tree": "total.protein.fasta.msa.trimal.with.genomeID.for.concatenation.filtered.shortseq95.treefile",
        "tree_stats": "reestimated.fasttree.log"
    },
    "md5": {
        "phylo_model": "4714c3a2726dbf5e648861be20a82607",
        "aln_fasta": "4d254b3daacf4e263f09a763df12c2ad",
        "tree": "ea74fe6075f17fa47b191e26acb800e3",
        "tree_stats": "2cf7405ca01ec17f43f4f74f4dd7f821"
    },
    "log": [
        "Stripped refpkg (removed 0 files)",
        "Loaded initial files into empty refpkg"
    ],
    "rollback": null,
    "rollforward": null
}
