{
    "metadata": {
        "create_date": "2023-11-13 07:20:44",
        "format_version": "1.1",
        "locus": "name"
    },
    "files": {
        "phylo_model": "phylo_modelm70v3cws.json",
        "aln_fasta": "total.protein.fasta.msa.trimal.with.genomeID.for.concatenation.filtered.shortseq95",
        "tree": "total.protein.fasta.msa.trimal.with.genomeID.for.concatenation.filtered.shortseq95.treefile",
        "tree_stats": "reestimated.fasttree.log"
    },
    "md5": {
        "phylo_model": "d21682966ed350cecfc116041f6b2292",
        "aln_fasta": "5a5f350e68fbb928157a843b18d89308",
        "tree": "950f1e240aa5fa6bd89434c62396fc0c",
        "tree_stats": "207a04b2d9a8a451f8d24fb067488774"
    },
    "log": [
        "Stripped refpkg (removed 0 files)",
        "Loaded initial files into empty refpkg"
    ],
    "rollback": null,
    "rollforward": null
}
