{
    "metadata": {
        "create_date": "2023-11-13 07:20:14",
        "format_version": "1.1",
        "locus": "name"
    },
    "files": {
        "phylo_model": "phylo_modelrr71ppcr.json",
        "aln_fasta": "total.protein.fasta.msa.trimal.with.genomeID.for.concatenation.filtered.shortseq95",
        "tree": "total.protein.fasta.msa.trimal.with.genomeID.for.concatenation.filtered.shortseq95.treefile",
        "tree_stats": "reestimated.fasttree.log"
    },
    "md5": {
        "phylo_model": "14dc58ffc5939ff5e9e63f6dac324ec4",
        "aln_fasta": "0f9dc7acc7f770dd5302adebf77e9a3b",
        "tree": "f6817f3c0107efe06c88ea75a2748661",
        "tree_stats": "5bb7114d31c45b9690dca79cd4c963e5"
    },
    "log": [
        "Stripped refpkg (removed 0 files)",
        "Loaded initial files into empty refpkg"
    ],
    "rollback": null,
    "rollforward": null
}
