{
    "metadata": {
        "create_date": "2023-11-13 07:20:38",
        "format_version": "1.1",
        "locus": "name"
    },
    "files": {
        "phylo_model": "phylo_modelfzy4poav.json",
        "aln_fasta": "total.protein.fasta.msa.trimal.with.genomeID.for.concatenation.filtered.shortseq95",
        "tree": "total.protein.fasta.msa.trimal.with.genomeID.for.concatenation.filtered.shortseq95.treefile",
        "tree_stats": "reestimated.fasttree.log"
    },
    "md5": {
        "phylo_model": "99a6c719ebaa9c521ecf9b02b2adb867",
        "aln_fasta": "76dbb81caae03c7d40358dc334559759",
        "tree": "2ec4e475505081ad076ab5280e9be5ec",
        "tree_stats": "b1afb57d73db123587099e20464b9118"
    },
    "log": [
        "Stripped refpkg (removed 0 files)",
        "Loaded initial files into empty refpkg"
    ],
    "rollback": null,
    "rollforward": null
}
