{
    "metadata": {
        "create_date": "2023-11-13 07:20:15",
        "format_version": "1.1",
        "locus": "name"
    },
    "files": {
        "phylo_model": "phylo_model67i6q8ia.json",
        "aln_fasta": "total.protein.fasta.msa.trimal.with.genomeID.for.concatenation.filtered.shortseq95",
        "tree": "total.protein.fasta.msa.trimal.with.genomeID.for.concatenation.filtered.shortseq95.treefile",
        "tree_stats": "reestimated.fasttree.log"
    },
    "md5": {
        "phylo_model": "bb673cbb975f2944ba6aeb1dc599556e",
        "aln_fasta": "7150900a52c14f54ca9bef7e2acb8027",
        "tree": "dced6225937ca957d18c894eedd3fb56",
        "tree_stats": "24c6ff8d7c0d734aa3cf8ed30b919e69"
    },
    "log": [
        "Stripped refpkg (removed 0 files)",
        "Loaded initial files into empty refpkg"
    ],
    "rollback": null,
    "rollforward": null
}
