{
    "metadata": {
        "create_date": "2023-11-13 07:20:32",
        "format_version": "1.1",
        "locus": "name"
    },
    "files": {
        "phylo_model": "phylo_model4nbtwb1n.json",
        "aln_fasta": "total.protein.fasta.msa.trimal.with.genomeID.for.concatenation.filtered.shortseq95",
        "tree": "total.protein.fasta.msa.trimal.with.genomeID.for.concatenation.filtered.shortseq95.treefile",
        "tree_stats": "reestimated.fasttree.log"
    },
    "md5": {
        "phylo_model": "f6dea8831a926a2b504f025d8e131544",
        "aln_fasta": "d58ed03b1434b8b3df78a45322dde2a7",
        "tree": "d6101a4c8db8d6c9debf9133476acdf9",
        "tree_stats": "a0b8cad1da0294d7151981907d576dd7"
    },
    "log": [
        "Stripped refpkg (removed 0 files)",
        "Loaded initial files into empty refpkg"
    ],
    "rollback": null,
    "rollforward": null
}
