{
    "metadata": {
        "create_date": "2023-11-13 07:20:43",
        "format_version": "1.1",
        "locus": "name"
    },
    "files": {
        "phylo_model": "phylo_modelgc3ux2f4.json",
        "aln_fasta": "total.protein.fasta.msa.trimal.with.genomeID.for.concatenation.filtered.shortseq95",
        "tree": "total.protein.fasta.msa.trimal.with.genomeID.for.concatenation.filtered.shortseq95.treefile",
        "tree_stats": "reestimated.fasttree.log"
    },
    "md5": {
        "phylo_model": "db731ecea25405d9aa743408e21247ab",
        "aln_fasta": "7184b44336b7f391ee59c57a9637a467",
        "tree": "12c0d4b0e8c237db3c0398a8938965ab",
        "tree_stats": "24411f77d3598b83871ee1837d787e52"
    },
    "log": [
        "Stripped refpkg (removed 0 files)",
        "Loaded initial files into empty refpkg"
    ],
    "rollback": null,
    "rollforward": null
}
