{
    "metadata": {
        "create_date": "2023-11-13 07:20:38",
        "format_version": "1.1",
        "locus": "name"
    },
    "files": {
        "phylo_model": "phylo_modelcnzak4ld.json",
        "aln_fasta": "total.protein.fasta.msa.trimal.with.genomeID.for.concatenation.filtered.shortseq95",
        "tree": "total.protein.fasta.msa.trimal.with.genomeID.for.concatenation.filtered.shortseq95.treefile",
        "tree_stats": "reestimated.fasttree.log"
    },
    "md5": {
        "phylo_model": "87b501af812199ce21b75a820ed58178",
        "aln_fasta": "23906b8d8d99dd840ff1bcb227392d33",
        "tree": "b09471a422e05ad9e9f9c37c4c7da035",
        "tree_stats": "d20156a262601996215f41b49fb5c105"
    },
    "log": [
        "Stripped refpkg (removed 0 files)",
        "Loaded initial files into empty refpkg"
    ],
    "rollback": null,
    "rollforward": null
}
