{
    "metadata": {
        "create_date": "2023-11-13 07:20:41",
        "format_version": "1.1",
        "locus": "name"
    },
    "files": {
        "phylo_model": "phylo_model67d8ce85.json",
        "aln_fasta": "total.protein.fasta.msa.trimal.with.genomeID.for.concatenation.filtered.shortseq95",
        "tree": "total.protein.fasta.msa.trimal.with.genomeID.for.concatenation.filtered.shortseq95.treefile",
        "tree_stats": "reestimated.fasttree.log"
    },
    "md5": {
        "phylo_model": "3c028563266b0aad414812ed39c3d5d8",
        "aln_fasta": "6b4e0f02aa7b8c3e95ea9f4ed6c80f12",
        "tree": "db13eb38d77f0e4e584731d1dae0190a",
        "tree_stats": "14dad7b9b27f2ac27d0bc8e1fac3c031"
    },
    "log": [
        "Stripped refpkg (removed 0 files)",
        "Loaded initial files into empty refpkg"
    ],
    "rollback": null,
    "rollforward": null
}
