{
    "metadata": {
        "create_date": "2023-11-13 07:20:37",
        "format_version": "1.1",
        "locus": "name"
    },
    "files": {
        "phylo_model": "phylo_modelhmmay3ji.json",
        "aln_fasta": "total.protein.fasta.msa.trimal.with.genomeID.for.concatenation.filtered.shortseq95",
        "tree": "total.protein.fasta.msa.trimal.with.genomeID.for.concatenation.filtered.shortseq95.treefile",
        "tree_stats": "reestimated.fasttree.log"
    },
    "md5": {
        "phylo_model": "dae17d1bcbc7230f5f465aa1b5e8fcd4",
        "aln_fasta": "5245e2e9a3118d7a0f15f97a054ff897",
        "tree": "f5a557bc4383a5f0c53b7635e45a5588",
        "tree_stats": "c5f2dd84714401f815bfccc0b43e7c65"
    },
    "log": [
        "Stripped refpkg (removed 0 files)",
        "Loaded initial files into empty refpkg"
    ],
    "rollback": null,
    "rollforward": null
}
