{
    "metadata": {
        "create_date": "2023-11-13 07:20:36",
        "format_version": "1.1",
        "locus": "name"
    },
    "files": {
        "phylo_model": "phylo_modelyp8lrpmt.json",
        "aln_fasta": "total.protein.fasta.msa.trimal.with.genomeID.for.concatenation.filtered.shortseq95",
        "tree": "total.protein.fasta.msa.trimal.with.genomeID.for.concatenation.filtered.shortseq95.treefile",
        "tree_stats": "reestimated.fasttree.log"
    },
    "md5": {
        "phylo_model": "9eae3cb719591f27889a88ea1cbec129",
        "aln_fasta": "3c566aea8e8ff498bf15de315fad69ac",
        "tree": "52c661e515d7ac90da0b804b469d7790",
        "tree_stats": "56e7e7f585424e9d9063a0e462d60fec"
    },
    "log": [
        "Stripped refpkg (removed 0 files)",
        "Loaded initial files into empty refpkg"
    ],
    "rollback": null,
    "rollforward": null
}
