{
    "metadata": {
        "create_date": "2023-11-13 07:20:33",
        "format_version": "1.1",
        "locus": "name"
    },
    "files": {
        "phylo_model": "phylo_model5idtjw1z.json",
        "aln_fasta": "total.protein.fasta.msa.trimal.with.genomeID.for.concatenation.filtered.shortseq95",
        "tree": "total.protein.fasta.msa.trimal.with.genomeID.for.concatenation.filtered.shortseq95.treefile",
        "tree_stats": "reestimated.fasttree.log"
    },
    "md5": {
        "phylo_model": "cc3e607242606259d20a2cdd57ac3afd",
        "aln_fasta": "04809de45a75d3f1b6b4805add859752",
        "tree": "3b31fd18f350ce290f11c26967ad0f10",
        "tree_stats": "8c78ac8e1317d8977f7e2edec2751d04"
    },
    "log": [
        "Stripped refpkg (removed 0 files)",
        "Loaded initial files into empty refpkg"
    ],
    "rollback": null,
    "rollforward": null
}
