{
    "metadata": {
        "create_date": "2023-11-13 07:20:11",
        "format_version": "1.1",
        "locus": "name"
    },
    "files": {
        "phylo_model": "phylo_model162zumyk.json",
        "aln_fasta": "total.protein.fasta.msa.trimal.with.genomeID.for.concatenation.filtered.shortseq95",
        "tree": "total.protein.fasta.msa.trimal.with.genomeID.for.concatenation.filtered.shortseq95.treefile",
        "tree_stats": "reestimated.fasttree.log"
    },
    "md5": {
        "phylo_model": "04105ff378c5eb0de5d749cb46d2792b",
        "aln_fasta": "96a5c22a022fd4223957dc3b03a141a7",
        "tree": "75e7dbfea1bc03472515d8c37aa68f72",
        "tree_stats": "a7dac4f927a8039954770f9ab1caebb0"
    },
    "log": [
        "Stripped refpkg (removed 0 files)",
        "Loaded initial files into empty refpkg"
    ],
    "rollback": null,
    "rollforward": null
}
