{
    "metadata": {
        "create_date": "2023-11-13 07:20:26",
        "format_version": "1.1",
        "locus": "name"
    },
    "files": {
        "phylo_model": "phylo_modelp2puab7u.json",
        "aln_fasta": "total.protein.fasta.msa.trimal.with.genomeID.for.concatenation.filtered.shortseq95",
        "tree": "total.protein.fasta.msa.trimal.with.genomeID.for.concatenation.filtered.shortseq95.treefile",
        "tree_stats": "reestimated.fasttree.log"
    },
    "md5": {
        "phylo_model": "956efc20114cdcc0c4ec8a46e830b0ab",
        "aln_fasta": "781244b0008d51438221aa316fe0aa45",
        "tree": "184edcf0a12025dc3091e53060217109",
        "tree_stats": "850cd0c83dd47bcf3160a6fcb7b89a02"
    },
    "log": [
        "Stripped refpkg (removed 0 files)",
        "Loaded initial files into empty refpkg"
    ],
    "rollback": null,
    "rollforward": null
}
