{
    "metadata": {
        "create_date": "2023-11-13 07:20:16",
        "format_version": "1.1",
        "locus": "name"
    },
    "files": {
        "phylo_model": "phylo_modelm43ejyf6.json",
        "aln_fasta": "total.protein.fasta.msa.trimal.with.genomeID.for.concatenation.filtered.shortseq95",
        "tree": "total.protein.fasta.msa.trimal.with.genomeID.for.concatenation.filtered.shortseq95.treefile",
        "tree_stats": "reestimated.fasttree.log"
    },
    "md5": {
        "phylo_model": "4d509b2dc209ac5ffc65fd3cbab517f4",
        "aln_fasta": "48bce391d2b9f4c07251a6f56c401d41",
        "tree": "6e5474b4c9038faf376e824f527fa8fb",
        "tree_stats": "eb50018d3979a055f8e5d19e539c6caf"
    },
    "log": [
        "Stripped refpkg (removed 0 files)",
        "Loaded initial files into empty refpkg"
    ],
    "rollback": null,
    "rollforward": null
}
