{
    "metadata": {
        "create_date": "2023-11-13 07:20:24",
        "format_version": "1.1",
        "locus": "name"
    },
    "files": {
        "phylo_model": "phylo_model1cyv85m2.json",
        "aln_fasta": "total.protein.fasta.msa.trimal.with.genomeID.for.concatenation.filtered.shortseq95",
        "tree": "total.protein.fasta.msa.trimal.with.genomeID.for.concatenation.filtered.shortseq95.treefile",
        "tree_stats": "reestimated.fasttree.log"
    },
    "md5": {
        "phylo_model": "d797bc7c5ae9188526645912498801f9",
        "aln_fasta": "f8e5d26a4e0c18db2adbaea7ba447492",
        "tree": "a6bbbf96dc1fe9750d0ea1b27c400152",
        "tree_stats": "19906cb203983e91a297f0eafa5d7926"
    },
    "log": [
        "Stripped refpkg (removed 0 files)",
        "Loaded initial files into empty refpkg"
    ],
    "rollback": null,
    "rollforward": null
}
