{
    "metadata": {
        "create_date": "2023-11-13 07:20:19",
        "format_version": "1.1",
        "locus": "name"
    },
    "files": {
        "phylo_model": "phylo_modeld7iwl2f1.json",
        "aln_fasta": "total.protein.fasta.msa.trimal.with.genomeID.for.concatenation.filtered.shortseq95",
        "tree": "total.protein.fasta.msa.trimal.with.genomeID.for.concatenation.filtered.shortseq95.treefile",
        "tree_stats": "reestimated.fasttree.log"
    },
    "md5": {
        "phylo_model": "699a8d5896a4bf43016f5e26967c824c",
        "aln_fasta": "04152ac6a004e1ec4129c61c11bc9e02",
        "tree": "c9377b64a219492237455c9cd7c03bb4",
        "tree_stats": "0191fe385d2f59bf64c59267ac77dd66"
    },
    "log": [
        "Stripped refpkg (removed 0 files)",
        "Loaded initial files into empty refpkg"
    ],
    "rollback": null,
    "rollforward": null
}
