{
    "metadata": {
        "create_date": "2023-11-13 07:20:28",
        "format_version": "1.1",
        "locus": "name"
    },
    "files": {
        "phylo_model": "phylo_modelmvnlrqsi.json",
        "aln_fasta": "total.protein.fasta.msa.trimal.with.genomeID.for.concatenation.filtered.shortseq95",
        "tree": "total.protein.fasta.msa.trimal.with.genomeID.for.concatenation.filtered.shortseq95.treefile",
        "tree_stats": "reestimated.fasttree.log"
    },
    "md5": {
        "phylo_model": "e55c6b9286b7d8933297fb9ce515b715",
        "aln_fasta": "12d7421a7d1632382fb8ddc8d4fd6222",
        "tree": "2880a3e0498965b0f893b98c8e0876bd",
        "tree_stats": "614213ec3ebe8acdda643149feb955f9"
    },
    "log": [
        "Stripped refpkg (removed 0 files)",
        "Loaded initial files into empty refpkg"
    ],
    "rollback": null,
    "rollforward": null
}
