{
    "metadata": {
        "create_date": "2023-11-13 07:20:16",
        "format_version": "1.1",
        "locus": "name"
    },
    "files": {
        "phylo_model": "phylo_modelvt_2oynv.json",
        "aln_fasta": "total.protein.fasta.msa.trimal.with.genomeID.for.concatenation.filtered.shortseq95",
        "tree": "total.protein.fasta.msa.trimal.with.genomeID.for.concatenation.filtered.shortseq95.treefile",
        "tree_stats": "reestimated.fasttree.log"
    },
    "md5": {
        "phylo_model": "c67df82f0bf0b56cff2cef66187776e2",
        "aln_fasta": "aaa7f1cc29e5ee3bcc1c260be7dea8f1",
        "tree": "b3ef6b422c13c357bfb1de716ef029c0",
        "tree_stats": "7cb47b720364814e2c80b17ab62b2865"
    },
    "log": [
        "Stripped refpkg (removed 0 files)",
        "Loaded initial files into empty refpkg"
    ],
    "rollback": null,
    "rollforward": null
}
