{
    "metadata": {
        "create_date": "2023-11-13 07:20:12",
        "format_version": "1.1",
        "locus": "name"
    },
    "files": {
        "phylo_model": "phylo_model3q7deki2.json",
        "aln_fasta": "total.protein.fasta.msa.trimal.with.genomeID.for.concatenation.filtered.shortseq95",
        "tree": "total.protein.fasta.msa.trimal.with.genomeID.for.concatenation.filtered.shortseq95.treefile",
        "tree_stats": "reestimated.fasttree.log"
    },
    "md5": {
        "phylo_model": "b75520225b21bca36fbef0b806a88ce6",
        "aln_fasta": "e0a1ab71abe32a1f602275c2b2667d97",
        "tree": "5a14a2f93a1333d60b77ccf100fc6fb7",
        "tree_stats": "0fd70affc2ea615bba9f8f0f26e428fc"
    },
    "log": [
        "Stripped refpkg (removed 0 files)",
        "Loaded initial files into empty refpkg"
    ],
    "rollback": null,
    "rollforward": null
}
