{
    "metadata": {
        "create_date": "2023-11-13 07:20:16",
        "format_version": "1.1",
        "locus": "name"
    },
    "files": {
        "phylo_model": "phylo_model8308sz35.json",
        "aln_fasta": "total.protein.fasta.msa.trimal.with.genomeID.for.concatenation.filtered.shortseq95",
        "tree": "total.protein.fasta.msa.trimal.with.genomeID.for.concatenation.filtered.shortseq95.treefile",
        "tree_stats": "reestimated.fasttree.log"
    },
    "md5": {
        "phylo_model": "3753ccc766e6f4b21e90723e7d35d4d4",
        "aln_fasta": "a9ca231610b824e43fa54a082856eb85",
        "tree": "213e74a6bfc8648e2750bd7d1ebfb2cd",
        "tree_stats": "39c70db86c2c130f41ca50fb780c929d"
    },
    "log": [
        "Stripped refpkg (removed 0 files)",
        "Loaded initial files into empty refpkg"
    ],
    "rollback": null,
    "rollforward": null
}
