{
    "metadata": {
        "create_date": "2023-11-13 07:20:25",
        "format_version": "1.1",
        "locus": "name"
    },
    "files": {
        "phylo_model": "phylo_modeltwfvcct8.json",
        "aln_fasta": "total.protein.fasta.msa.trimal.with.genomeID.for.concatenation.filtered.shortseq95",
        "tree": "total.protein.fasta.msa.trimal.with.genomeID.for.concatenation.filtered.shortseq95.treefile",
        "tree_stats": "reestimated.fasttree.log"
    },
    "md5": {
        "phylo_model": "0ce02881c299bd4ae6ec3e0afbfca249",
        "aln_fasta": "8d76f189598209c4e16434b235e8e75b",
        "tree": "8af7ff80a73a3f764af50f2cebbe654b",
        "tree_stats": "9689312433d3b91f1360d0caae8cd5ee"
    },
    "log": [
        "Stripped refpkg (removed 0 files)",
        "Loaded initial files into empty refpkg"
    ],
    "rollback": null,
    "rollforward": null
}
