{
    "metadata": {
        "create_date": "2023-11-13 07:20:25",
        "format_version": "1.1",
        "locus": "name"
    },
    "files": {
        "phylo_model": "phylo_modelw5if8x8s.json",
        "aln_fasta": "total.protein.fasta.msa.trimal.with.genomeID.for.concatenation.filtered.shortseq95",
        "tree": "total.protein.fasta.msa.trimal.with.genomeID.for.concatenation.filtered.shortseq95.treefile",
        "tree_stats": "reestimated.fasttree.log"
    },
    "md5": {
        "phylo_model": "3e60add9d36f56dd9619300fae762b66",
        "aln_fasta": "a9f6621b16c6a0b73b527b645877a20a",
        "tree": "5b8bcdecf360984eea1a3286ee1f9376",
        "tree_stats": "51ec3de88025ec9fecdf4079bd9a58f0"
    },
    "log": [
        "Stripped refpkg (removed 0 files)",
        "Loaded initial files into empty refpkg"
    ],
    "rollback": null,
    "rollforward": null
}
