{
    "metadata": {
        "create_date": "2023-11-13 07:20:21",
        "format_version": "1.1",
        "locus": "name"
    },
    "files": {
        "phylo_model": "phylo_modelma5o3vga.json",
        "aln_fasta": "total.protein.fasta.msa.trimal.with.genomeID.for.concatenation.filtered.shortseq95",
        "tree": "total.protein.fasta.msa.trimal.with.genomeID.for.concatenation.filtered.shortseq95.treefile",
        "tree_stats": "reestimated.fasttree.log"
    },
    "md5": {
        "phylo_model": "1565aac6f21e8f01b17a63c9d15dce22",
        "aln_fasta": "0141e800e893fc8ba6a43a5ca66b88cc",
        "tree": "84907eb0942e7564b330ae19a2ed449c",
        "tree_stats": "55c29b8b28a75b4c56b936591b0c1d21"
    },
    "log": [
        "Stripped refpkg (removed 0 files)",
        "Loaded initial files into empty refpkg"
    ],
    "rollback": null,
    "rollforward": null
}
