{
    "metadata": {
        "create_date": "2023-11-13 07:20:35",
        "format_version": "1.1",
        "locus": "name"
    },
    "files": {
        "phylo_model": "phylo_modelgapj6tsz.json",
        "aln_fasta": "total.protein.fasta.msa.trimal.with.genomeID.for.concatenation.filtered.shortseq95",
        "tree": "total.protein.fasta.msa.trimal.with.genomeID.for.concatenation.filtered.shortseq95.treefile",
        "tree_stats": "reestimated.fasttree.log"
    },
    "md5": {
        "phylo_model": "27b56f7365a04981035997a17c02ffcf",
        "aln_fasta": "e41150e82ad6a0692d31c989d1a74831",
        "tree": "0ad1c17e9a78596b550cfec69045593d",
        "tree_stats": "07bb1ea0bb5fe6131d7d70877347c250"
    },
    "log": [
        "Stripped refpkg (removed 0 files)",
        "Loaded initial files into empty refpkg"
    ],
    "rollback": null,
    "rollforward": null
}
