{
    "metadata": {
        "create_date": "2023-11-13 07:20:31",
        "format_version": "1.1",
        "locus": "name"
    },
    "files": {
        "phylo_model": "phylo_modelmsvyc8d9.json",
        "aln_fasta": "total.protein.fasta.msa.trimal.with.genomeID.for.concatenation.filtered.shortseq95",
        "tree": "total.protein.fasta.msa.trimal.with.genomeID.for.concatenation.filtered.shortseq95.treefile",
        "tree_stats": "reestimated.fasttree.log"
    },
    "md5": {
        "phylo_model": "7c52a8040a0bcec6aa9b5410213be08d",
        "aln_fasta": "c0be773325b30808a7d4a86007e8e3e4",
        "tree": "4c99644c85a2d873fb58eb406ce9af7a",
        "tree_stats": "d006e9582c8fd159af2cae4b090bd5a1"
    },
    "log": [
        "Stripped refpkg (removed 0 files)",
        "Loaded initial files into empty refpkg"
    ],
    "rollback": null,
    "rollforward": null
}
